{
  "dashboard": {
    "name": "AWS EFS Element Detail",
    "private": false,
    "properties": {
      "globalFilter": "false",
      "gridstackContents": "[{\"id\":\"c6711eb7-9b6f-4ddd-a0ff-aba56593db7e\",\"x\":0,\"y\":27,\"width\":6,\"height\":9},{\"id\":\"7d26a7fa-880b-4cec-899e-194bf1810b82\",\"x\":6,\"y\":27,\"width\":6,\"height\":9},{\"id\":\"3d3afbd0-71e0-4bb9-9bee-254cf2b68a84\",\"x\":0,\"y\":0,\"width\":4,\"height\":7},{\"id\":\"ca16330c-2f8b-4bea-aa61-c43172e4111d\",\"x\":4,\"y\":0,\"width\":5,\"height\":10},{\"id\":\"aef35756-0004-4465-a028-f9aad3db7eda\",\"width\":4,\"height\":7,\"x\":0,\"y\":10}]",
      "refreshIntervalSeconds": "300",
      "timeRangeDuration": "3600",
      "wrap": "true"
    },
    "type": "EFS",
    "widgets": [
      {
        "generated": false,
        "id": "aef35756-0004-4465-a028-f9aad3db7eda",
        "name": "EFS Percent IO Limit",
        "properties": {
          "colorByMetric": "false",
          "element_fqn": "502379301106:EFS:eu-central-1:fs-90c675c9",
          "groupByPolicy": "false",
          "grouping": "attribute=SERVICE",
          "metricAgg": "avg",
          "metricLimit": "10",
          "metric_fqn": "aws.efs.percentiolimit",
          "notificationPeriod": "off",
          "period": "latest1",
          "showBands": "true",
          "showElementTotal": "true",
          "showHighest": "true",
          "tableColumns": "[{\"columnType\":\"elementType\",\"width\":\"10%\"},{\"columnType\":\"elementName\",\"width\":\"80%\"},{\"columnType\":\"metric\",\"width\":\"10%\",\"metricDisplayName\":null,\"metricFqn\":null,\"metricAggFn\":null,\"metricAgg\":null,\"metricUnit\":null}]",
          "topNLimit": "5",
          "useAllElementScopeAttributes": "true",
          "useAllElementScopeTags": "true",
          "useAllMetricScopeTags": "true",
          "visualization": "chart"
        },
        "widgetType": "single-metric"
      },
      {
        "id": "c6711eb7-9b6f-4ddd-a0ff-aba56593db7e",
        "name": "Attributes",
        "properties": {
          "metricLimit": "10",
          "selectedTab": "table",
          "showElementTotal": "true",
          "showHighest": "true",
          "useElementNameContains": "true",
          "width": "auto"
        },
        "widgetType": "element-attributes"
      },
      {
        "id": "7d26a7fa-880b-4cec-899e-194bf1810b82",
        "name": "Tags",
        "properties": {
          "metricLimit": "10",
          "selectedTab": "table",
          "showElementTotal": "true",
          "showHighest": "true",
          "useElementNameContains": "true",
          "width": "medium"
        },
        "widgetType": "element-tags"
      },
      {
        "generated": false,
        "id": "ca16330c-2f8b-4bea-aa61-c43172e4111d",
        "name": "EFS Burst Credit Balance",
        "properties": {
          "colorByMetric": "false",
          "elementScopeTypes": "[\"EFS\"]",
          "element_fqn": "502379301106:EFS:eu-central-1:fs-90c675c9",
          "groupByPolicy": "false",
          "grouping": "attribute=SERVICE",
          "metricAgg": "avg",
          "metricLimit": "10",
          "metric_fqn": "aws.efs.burstbalance",
          "notificationPeriod": "off",
          "period": "latest1",
          "showBands": "true",
          "showElementTotal": "true",
          "showHighest": "true",
          "tableColumns": "[{\"columnType\":\"elementType\",\"width\":\"10%\"},{\"columnType\":\"elementName\",\"width\":\"80%\"},{\"columnType\":\"metric\",\"width\":\"10%\",\"metricDisplayName\":null,\"metricFqn\":null,\"metricAggFn\":null,\"metricAgg\":null,\"metricUnit\":null}]",
          "topNLimit": "5",
          "useAllElementScopeAttributes": "true",
          "useAllElementScopeTags": "true",
          "useAllMetricScopeTags": "true",
          "visualization": "chart"
        },
        "widgetType": "single-metric"
      },
      {
        "generated": false,
        "id": "3d3afbd0-71e0-4bb9-9bee-254cf2b68a84",
        "name": "Events",
        "properties": {
          "colorByMetric": "false",
          "elementScopeTypes": "[\"EFS\"]",
          "groupByPolicy": "false",
          "grouping": "attribute=SERVICE",
          "metricAgg": "avg",
          "metricLimit": "10",
          "notificationPeriod": "off",
          "period": "latest1",
          "showBands": "true",
          "showElementTotal": "true",
          "showHighest": "true",
          "tableColumns": "[{\"columnType\":\"elementType\",\"width\":\"10%\"},{\"columnType\":\"elementName\",\"width\":\"80%\"},{\"columnType\":\"metric\",\"width\":\"10%\",\"metricDisplayName\":null,\"metricFqn\":null,\"metricAggFn\":null,\"metricAgg\":null,\"metricUnit\":null}]",
          "topNLimit": "5",
          "useAllElementScopeAttributes": "true",
          "useAllElementScopeTags": "true",
          "useAllMetricScopeTags": "true",
          "visualization": "ticker"
        },
        "widgetType": "events"
      }
    ]
  }
}