{
  "analyticConfiguration": {
    "metrics": [
      {
        "match": "aws.efs.burstcreditbalance.*",
        "properties": {
          "baseline": false,
          "correlation": true
        }
      },
      {
        "match": "aws.efs.clientconnections.*",
        "properties": {
          "baseline": false,
          "correlation": true
        }
      },
      {
        "match": "aws.efs.datawriteiobytes.*",
        "properties": {
          "baseline": false,
          "correlation": true
        }
      },
      {
        "match": "aws.efs.metadataiobytes.*",
        "properties": {
          "baseline": false,
          "correlation": true
        }
      },
      {
        "match": "aws.efs.percentiolimit.*",
        "properties": {
          "baseline": false,
          "correlation": false
        }
      },
      {
        "match": "aws.efs.permittedthroughput.*",
        "properties": {
          "baseline": false,
          "correlation": true
        }
      },
      {
        "match": "aws.efs.totaliobytes.*",
        "properties": {
          "baseline": false,
          "correlation": true
        }
      }
    ],
    "name": "AWS EFS",
    "scope": {
      "elementType": "EFS"
    },
    "type": "ACE"
  }
}